model,acc_gap_mean,acc_gap_std,auc_gap_mean,auc_gap_std
Logistic Regression (tuned),0.10852818333774847,0.11900441487186937,0.09031337932244315,0.11876231383060716
SVM (RBF),0.0953617821733416,0.12410482302515018,0.10324782571124784,0.1373950066744964
XGBoost (tuned),0.19208806874624199,0.0912978384085301,0.12357042742180321,0.08750338357770003
